ipa_phoneme,english_translation,description,original_characters
bak-,"peg], [club","Various points suggest a post-Indo-European borrowing from an unknown source: * The phoneme *b, which is rare and of somewhat doubtful status. * The consistent occurrence of *a. * The alternation between *k and geminate *kk across the descendants. According to Oxford's Introduction to proto-Indo-European, the initial *b- may have been due to the informal (""popular"") nature of the term. Kroonen and De Vaan reconstruct no Proto-Indo-European form at all.",bak-
bel-,strength,,bel-
b ∞ed-,"to improve, make better",,b ∞ed-
b ∞ed ∞‚ÇÇ-,"to dig, burrow; to pierce, stab",The root is considered to be a member of the so-called ''mol≈ç-present'' class‚Äïroots which conjugate with the early h‚ÇÇe-conjugation in present and exhibit R(e/o)-ablaut.,b ∞ed ∞h‚ÇÇ-
b ∞eg-,"to break, to split","The existence of this root is highly tentative, as most of the descendants have disputed etymologies and are only loosely semantically related.",b ∞eg-
b ∞eg ∑-,"to flee, to run",Apparently originally the same root as the synonymous *b ∞ewg-.,b ∞eg ∑-
b ∞e‚ÇÅ-,to foment; warm; bathe,,b ∞eh‚ÇÅ-
b ∞e‚ÇÇ-,"to shine, glow light; to appear, be visible",,b ∞eh‚ÇÇ-
b ∞e‚ÇÇg-,"to divide, distribute, allot","This root could presumably have an *a, but the short vowel of *b ∞aga- can easily be explained by Lubotsky's Law, from the loss of the laryngeal in front of a voiced stop plus another consonant; this condition would have existed, for instance, in athematic verb forms, such as *b ∞egs-.",b ∞eh‚ÇÇg-
b ∞e‚ÇÉg-,"to bake, to roast, to fry",,b ∞eh‚ÇÉg-
b ∞el-,"to sound; to speak, roar, bark","Pokorny lists *bhel- ""henbane"" separately but allows the possibility that it is the same as *bhel- ""shiny, white.""",b ∞el-
b ∞el«µ-,"to balk, beam",Palatovelar assumed based on purported connection to the Balto-Slavic words that are more accurately from *b ∞el«µ ∞- (see note 2).,b ∞el«µ-
b ∞el«µ ∞-,to swell,,b ∞el«µ ∞-
b ∞end ∞-,"to bind, bond",,b ∞end ∞-
b ∞en«µ ∞-,"thick, to swell, grow","The verbal senses ""to grow, thicken"" are found in Indo-Iranian, but their inherited status is disputed.",b ∞en«µ ∞-
b ∞er-,"to bear, carry",etymological notes,b ∞er-
b ∞er«µ ∞-,"to rise up, ascend; to be elevated, up high",,b ∞er«µ ∞-
b ∞erg ∞-,"to safeguard, to protect; to preserve",,b ∞erg ∞-
b ∞erH-,"to pierce, to strike",,b ∞erH-
b ∞ers-,"point, tip, top",*b ∞ers- 'point',b ∞ers-
b ∞ewd ∞-,"to be awake, be aware",etymological notes,b ∞ewd ∞-
b ∞ewg-,to flee,Reconstruction:Proto-Indo-European/b ∞ewg-,b ∞ewg-
b ∞ewg ∞-,"to bend, curve, arch",,b ∞ewg ∞-
b ∞ed-,to split,Reconstruction:Proto-Indo-European/b ∞eyd-,b ∞eyd-
b ∞ed ∞-,"to trust, to convince",The Sanskrit forms with long ƒÅ can be explained as an irregular development of earlier *ay < *ey/*oy.,b ∞eyd ∞-
b ∞e‚ÇÇ-,"to shake, tremble; to fear, be afraid",etymological notes,b ∞eyh‚ÇÇ-
b ∞il-,"harmonious, friendly","Potentially an attributive verb ""to be harmonious, friendly."" Derivations in daughter languages can also be explained as derivations of a verb.",b ∞il-
b ∞le‚ÇÅ-,"to bleat, to cry","The Latin stem flƒÅ- may be from the zero-grade *b ∞lÃ•h‚ÇÅ-, resulting in a root *flƒÅ- from which the other Latin forms were derived analogically.",b ∞leh‚ÇÅ-
b ∞le‚ÇÉ-,"bloom, flower",,b ∞leh‚ÇÉ-
b ∞lend ∞-,"to blend, to mix up; to make cloudy, opaque; blond, red-haired, ruddy (alternative/contested)",,b ∞lend ∞-
b ∞lewH-,to overflow,"Possible laryngeal extension of *b ∞lew-, whence œÜŒªŒ≠œâ (to overflow, flood), itself possibly suffixed in *-√©wti/*-ew- from *b ∞el- (to blow (up), swell).",b ∞lewH-
b ∞le«µ-,to shine,"Likely an extension of *b ∞el-,shiny.",b ∞ley«µ-
b ∞red ∞-,to wade,,b ∞red ∞-
b ∞reg-,to break,,b ∞reg-
b ∞reHg-,"to smell, to have a strong odour","If gmh br√¶hen from gem-pro *brƒìkijanƒÖ belongs here, then the laryngeal can be reconstructed as *b ∞reh‚ÇÅg-",b ∞reHg-
b ∞rek ∑-,"to condense, to crowd together","Reconstructed with a labiovelar to include la:frequƒìns, but due to this unusual root structure, possibly a qfa-sub borrowing.",b ∞rek ∑-
b ∞rem-,to make noise,etymological notes,b ∞rem-
b ∞rew‚ÇÅ-,"to boil, to brew","Extension of *b ∞er-, to boil.",b ∞rewh‚ÇÅ-
b ∞rews-,to break,,b ∞rews-
b ∞reH-,to cut,etymological notes,b ∞reyH-
b ∞ruHg-,to make use of; have enjoyment of,,b ∞ruHg-
b ∞uH-,"to be, become, grow, appear","Some sources reconstruct full-grade forms *b ∞ewh‚ÇÇ- or *b ∞weh‚ÇÇ-, on the basis of Italic and Celtic preterite and subjunctive stem. The generalisation of the zero grade in most forms has been linked to the occurrence of labial occlusive + labial semivowel in the full grade *b ∞weh‚ÇÇ-. According to Jasanoff, this root has no full grade, and the laryngeal cannot be precisely determined.",b ∞uH-
de‚ÇÅ-,to bind,Reconstruction:Proto-Indo-European/deh‚ÇÅ-,deh‚ÇÅ-
de‚ÇÇ-,"to share, divide",,deh‚ÇÇ-
de‚ÇÇp-,"to sacrifice, to lose","Extension of *deh‚ÇÇ- ""to divide""",deh‚ÇÇp-
de‚ÇÇ-,"to share, divide","Extension of *deh‚ÇÇ-||to share, divide.",deh‚ÇÇy-
de‚ÇÉ-,to give,"Proto-Indo-European root meaning ""to give""",deh‚ÇÉ-
de·∏±-,"to take, to perceive",etymological notes,de·∏±-
del‚ÇÅ-,"to split, divide",,delh‚ÇÅ-
*dem-,"to build (up), to arrange, to put together",etymological notes,dem-
dem‚ÇÇ-,"to tame, domesticate",etymological notes,demh‚ÇÇ-
den·∏±-,to bite,Reconstruction:Proto-Indo-European/den·∏±-,den·∏±-
der-,"to split, to separate; to tear, to crack, to shatter",,der-
derb ∞-,"to spin, to twist",,derb ∞-
derHg ∞-,"to tug, to stretch; to pluck","Rix and Derksen reconstruct a laryngeal in the coda because of the Balto-Slavic acute. LIV points that the Albanian data may have originated from *swer- (""to ache""). According to some (e.g. Trubachyov), the root is an extension of *der- (""to tear"").",derHg ∞-
der·∏±-,to see,"Proto-Indo-European root meaning ""to see""",der·∏±-
dew‚ÇÇ-,to fit,,dewh‚ÇÇ-
*deuk-,"to pull, to draw; to lead (i.e. to pull behind oneself)",etymological notes,dewk-
de‚ÇÅ-,to chase (away),Proto-Indo-European root,deyh‚ÇÅ-
de·∏±-,"to point out, to show; to speak solemnly",etymological notes,dey·∏±-
drem-,to run,Reconstruction:Proto-Indo-European/drem-,drem-
dwe‚ÇÇ-,"long, distant; to remove, separate",etymological notes,dweh‚ÇÇ-
dwe-,to fear,"Probably related to *dw√≥h‚ÇÅ ""two"", with sense connection ""two"" > ""ambivalence, second thoughts"" > ""fear"".",dwey-
d ≤ew-,"to be bright, to shine; sky, heaven",,dyew-
d ∞eg ∑ ∞-,"to burn, warm, hot",,d ∞eg ∑ ∞-
d ∞e‚ÇÅ-,"to do, to put, place",etymological notes,d ∞eh‚ÇÅ-
d ∞e‚ÇÅ-,"to suckle, nurse",etymological notes,d ∞eh‚ÇÅ(y)-
d ∞elb ∞-,"to dig, excavate",etymological notes,d ∞elb ∞-
d ∞eng ∞-,"to cover, to overcast",,d ∞eng ∞-
d ∞en‚ÇÇ-,"to set in motion, to flow",,d ∞enh‚ÇÇ-
d ∞er-,"to support, to hold",etymological notes,d ∞er-
d ∞er«µ ∞-,"to bind fast, to be firm, to support, strong, robust","Possibly an extension of *d ∞er-, to hold, hold fast, support.",d ∞er«µ ∞-
d ∞er‚ÇÉ-,"to leap, spring",,d ∞erh‚ÇÉ-
d ∞ers-,"to be bold, to dare","An *-s- extension of *d ∞er- ""to hold, support"".",d ∞ers-
d ∞ew-,"to die, pass away",,d ∞ew-
d ∞ewb ∞-,"hazy], [unclear], [dark], [deep",,d ∞ewb ∞-
d ∞ewg ∞-,"to hit (as opposed to missing), to produce, to be strong, have force",etymological notes,d ∞ewg ∞-
d ∞ew‚ÇÇ-,"smoke, mist, haze",Seemingly related to *d ∞wes- 'breath; dust; dusky color'.,d ∞ewh‚ÇÇ-
d ∞ewp-,deep,,d ∞ewp-
d ∞ews-,"to smoke, to breathe",,d ∞ews-
d ∞e«µ ∞-,"to knead, to form, to shape",etymological notes,d ∞ey«µ ∞-
d ∞eg ∑-,"to stick into, pierce; to dig; to plant; to set up, fasten",,d ∞eyg ∑-
d ∞e‚ÇÇ-,"to perceive, see",,d ∞eyh‚ÇÇ-
d ∞g ∑ ∞er-,to flow (away),etymological notes,d ∞g ∑ ∞er-
d ∞g ∑ ∞e-,"to decline, to perish","Reanalysed root of *d ∞g ∑ ∞√©yti, from *d ∞eg ∑ ∞- ""to burn"" + *-√©y-present suffix",d ∞g ∑ ∞ey-
d ∞leg ∞-,"to owe, be indebted to",,d ∞leg ∞-
d ∞reg ∞-,"to run, to drag, to pull","some of the forms listed here as descendants have been argued to be either from unrelated roots, or to be related by means of being post-IE loanwords",d ∞reg ∞-
d ∞re‚ÇÇg ∞-,"to irritate, rough",,d ∞reh‚ÇÇg ∞-
d ∞rewg ∞-,to deceive,etymological notes,d ∞rewg ∞-
d ∞wen-,to make a noise,,d ∞wen-
d ∞wer-,door,"Proto-Indo-European root meaning ""door""",d ∞wer-
d ∞wes-,"to breathe (in or out), breath, spirit, soul, dust, dusty, murky color","Seemingly related to *d ∞ewh‚ÇÇ- (to emit) smoke, vapor, mist, haze, with which there may be confusion in some descendants.",d ∞wes-
«µe‚ÇÇr-,"to shout, call","Likely onomatopoeic. Compare *gerh‚ÇÇ- ~ *«µerh‚ÇÇ-, with which there is some confusion.",«µeh‚ÇÇr-
«µem-,to marry,,«µem-
«µemb ∞-,"to bite, to chomp, to crunch","From Proto-Indo-European *«µ-n√©-b ∞-ti ~ *«µ-mÃ•-b ∞-√©nti, nasal inflix of a poorly contested root, *«µeb ∞-, possibly found in Proto-Celtic *gobbos (""muzzle, snout""), Gaulish *gauta (""cheek"").",«µemb ∞-
«µen‚ÇÅ-,"to produce, to beget, to give birth",etymological notes,«µenh‚ÇÅ-
«µer‚ÇÇ-,"to grow old, to mature",etymological notes,«µerh‚ÇÇ-
«µews-,"to taste, try",,«µews-
«µne‚ÇÉ-,"to recognise, to know",etymological notes,«µneh‚ÇÉ-
«µwelH-,"to burn, to shine",,«µwelH-
«µew‚ÇÅ-,to chew,,«µyewh‚ÇÅ-
«µ ∞ed-,to defecate,Reconstruction:Proto-Indo-European root meaning 'to defecate' or related to bodily functions.,«µ ∞ed-
«µ ∞e‚ÇÅ-,"to leave, abandon",etymological notes,«µ ∞eh‚ÇÅ-
«µ ∞e‚ÇÇ-,"to yawn, gape",,«µ ∞eh‚ÇÇ-
«µ ∞el‚ÇÉ-,"to flourish, green, yellow",,«µ ∞elh‚ÇÉ-
«µ ∞eng ∞-,"to walk, to step",etymological notes,«µ ∞eng ∞-
«µ ∞er-,to enclose,,«µ ∞er-
«µ ∞erH-,"bowels, intestines",Reconstruction:Proto-Indo-European/«µ ∞erH-,«µ ∞erH-
«µ ∞ers-,"(to be) stiff, (to be) surprised","LIV and Mayrhofer reconstruct two separate roots *«µ ∞ers- and *g‚ÅΩ ∑‚Åæ ∞ers- for the material, but according to Lubotsky this isn't necessary as forms like ‡§ò‡•É‡§∑‡•Å can be explained by Weise's law (depalatalization before *r).",«µ ∞ers-
«µ ∞es-,"hand, to take, give in exchange",,«µ ∞es-
«µ ∞ew-,to pour,Reconstruction:Proto-Indo-European/«µ ∞ew-,«µ ∞ew-
«µ ∞ewd-,to pour,Extended from *«µ ∞ew-.,«µ ∞ewd-
«µ ∞ewH-,"to call on, invoke",Perhaps connected to the synonymous *gewH-.,«µ ∞ewH-
«µ ∞e-,winter,The existence of this root is uncertain.,«µ ∞ey-
«µ ∞le‚ÇÅ-,"to shine, glow; to be shining, glowing","Thought to be a reanalyzed root from *«µ ∞el-/t1=to shine/*-√©h‚ÇÅti/pos2=fientive verb suffix, whence also *«µ ∞ley-/t=to shine. Often mistakenly undifferentiated from *«µ ∞elh‚ÇÉ-/t=to flourish; green, yellow.",«µ ∞leh‚ÇÅ-
«µ ∞le-,to shine,,«µ ∞ley-
«µ ∞re‚ÇÅd-,to sound,Reconstruction:Proto-Indo-European/«µ ∞reh‚ÇÅd-,«µ ∞reh‚ÇÅd-
«µ ∞rem-,"to vex, torment; to be angry, upset",Depalatalization of *«µ before *r in Indo-Iranian due to Weise's Law.,«µ ∞rem-
«µ ∞wer-,"wild, wild animal",,«µ ∞wer-
g ∑e‚ÇÇ-g ∑e‚ÇÉ-,"to sing, to cry",Indo-Iranian and Balto-Slavic show the presence of an *-i- at several different locations in the root. The LIV suggests the reanalysis of a *ye- present as part of the root itself with later metathesis of *g‚ÅΩ ∑‚ÅæHi- to *g‚ÅΩ ∑‚ÅæiH- and then normalization to *g‚ÅΩ ∑‚ÅæeyH- ~ *g‚ÅΩ ∑‚ÅæiH-.,geH-
el-,"to be cold, to freeze",,gel-
gelH-,"naked, head","Formally unable to be related to *klÃ•H-; however, the superficial phonetic and semantic resemblance of the two roots, as well as the existence of words meaning ""bald"" (a non-basic vocabulary term) in various descendants of both roots via the same suffixing pattern of -w√≥-s, is striking.",gelH-
gem-,"to press (together), to grasp",etymological notes,gem-
gerb ∞-,to carve,,gerb ∞-
ger‚ÇÇ-,"to cry hoarsely, crane","Likely onomatopoeic. Compare *«µeh‚ÇÇr- (with which there is some confusion) *kurke (crane), Akkadian íÜ≥íÑÑíÑ∑ (kurku), Sumerian íÜ≥íÑÑíÑ∑ (kurki).",gerh‚ÇÇ-
gew-,"to bend, curve; arch, vault",etymological notes,gew-
g ∑ewH-,"to call, name; to invoke, call on; to cry, cry out",Perhaps connected to the synonymous *«µ ∞ewH-,gewH-
glew-,"to ball up, clump together; swelling, lump",An extension of *gel-; compare *gley-.,glew-
glewb ∞-,to split,Reconstruction:Proto-Indo-European/glewb ∞-,glewb ∞-
gleb ∞-,to stick,Perhaps an extended form of *gley-.,gleyb ∞-
gleH-,"to smear, putty; to stick, glue",etymological notes,gleyH-
gnewH-,to press,,gnewH-
g ∞eb ∞-,"to give, to take",,g ∞eb ∞-
g ∞ed-,"to find, to hold, to seize, to take",etymological notes,g ∞ed-
g ∞ed ∞-,"to join, to unite, to suit",,g ∞ed ∞-
g ∞eg ∞u«µ ∞-,cuckoo,"Derived from a repeating root *g ∞e-g ∞u-«µ ∞-, of onomatopoeic origin.",g ∞eg ∞u«µ ∞-
g ∞e‚ÇÅb ∞-,"to grab, take","The surface ablaut a ~ ƒì is somewhat unusual, but Italo-Celtic *a can result from ""syllabic"" *HÃ•, thus *h‚ÇÅ ~ *eh‚ÇÅ appears to be the best match. The instances of full-grade ƒì may be analogical, however, so the laryngeal cannot be reconstructed with certainty.",g ∞eh‚ÇÅb ∞-
g ∞el-,"to call, to chant, to shout",*g ∞el-,g ∞el-
g ∞eld ∞-,"to repay, pay","Traditionally considered separate extensions (or suffixed forms) of a root *g ∞el-, namely *g ∞el-t- in Germanic and *g ∞el-d‚ÅΩ ∞‚Åæ- in Slavic, not taking into account the Celtic. Some authors maintain that *-t- (> Germanic *-√æ-) is necessary to explain such Nordic forms as gjalla.",g ∞eld ∞-
g ∞er-,to yearn for,Reconstruction:Proto-Indo-European/g ∞er-,g ∞er-
g ∞erd ∞-,"to enclose, to encircle; enclosure, fence, belt",,g ∞erd ∞-
g ∞ed ∞-,to yearn for,etymological notes,g ∞eyd ∞-
g ∞le‚ÇÇd ∞-,"bright, shining; smooth","Possible reanalyzed root of *g ∞leh‚ÇÇ-*-d ∞h‚ÇÅeti, metathesized from *«µ ∞elh‚ÇÇ- 'to shine', itself apparently related to *«µ ∞elh‚ÇÉ- 'to flourish; green, yellow'.",g ∞leh‚ÇÇd ∞-
g ∞reb‚ÇÇ-,"to seize, grab; to dig, rake","Rix reconstructs *g ∞rebh‚ÇÇ- 'seize' and tentatively *g ∞reb ∞- 'dig'. Pokorny reconstructs *g ∞reb ∞-, *g ∞erb ∞- for both meanings. Derksen derives *grabiti from *g ∞reb- rather than *g ∞reb ∞- due to Winter's law.",g ∞rebh‚ÇÇ-
g ∞re‚ÇÅ-,to grow (of plants?),,g ∞reh‚ÇÅ-
g ∞rem-,"to roar, rumble; to thunder; to be angry",An old sound symbolic root according to Kroonen.,g ∞rem-
g ∞rend ∞-,"beam, plank","Given the variety of conflicting reconstructions and fairly wide semantic range, existence of this root is uncertain.",g ∞rend ∞-
g ∞re-,"to smear, to paint, to streak","Extended from the Proto-Indo-European root *g ∞er- meaning ""to rub"".",g ∞rey-
g ∑e‚ÇÅw-,"to increase, gain",,g ∑eh‚ÇÅw-
g ∑e‚ÇÇ-,"to step, to go, to stand","Perhaps some variation or gradation of *g ∑em- seen also on *mend ∞- - *meh‚ÇÇd ∞-, *med- - *meh‚ÇÅ-/*meh‚ÇÅd-.",g ∑eh‚ÇÇ-
g ∑e‚ÇÇb ∞-,"to be deep, to submerge",,g ∑eh‚ÇÇb ∞-
g ∑elb ∞-,the womb,,g ∑elb ∞-
g ∑elH-,"to throw, reach, pierce; to hit by throwing",On the basis of Celtic nasal-infix present *balnƒ´ti and several Greek derived terms like Œ≤Œ≠ŒªŒµŒºŒΩŒøŒΩ the laryngeal may be reconstructed as *h‚ÇÅ.,g ∑elH-
g ∑el‚ÇÇ-,acorn,"Proto-Indo-European root meaning ""acorn""",g ∑elh‚ÇÇ-
g ∑em-,to step,"Perhaps some variation or gradation of *g ∑eh‚ÇÇ- seen also on *mend ∞- - *meh‚ÇÇd ∞-, *med- - *meh‚ÇÅ-/*meh‚ÇÅd-.",g ∑em-
g ∑erH-,"to express approval; praise, to elevate",,g ∑erH-
g ∑er‚ÇÉ-,"to swallow, devour, eat",etymological notes,g ∑erh‚ÇÉ-
g ∑et-,"resin, gum",,g ∑et-
g ∑ewH-,to defecate,etymological notes,g ∑ewH-
g ∑e-,"to win, to conquer; force",etymological notes,g ∑ey-
g ∑e‚ÇÉ-,to live,,g ∑eyh‚ÇÉ-
g ∑re‚ÇÇ-,heavy,Contrasts with *h‚ÇÅleng ∑ ∞- 'light',g ∑reh‚ÇÇ-
g ∑ ∞ed ∞-,"to request, pray, ask for",,g ∑ ∞ed ∞-
g ∑ ∞en-,"to strike, slay, kill",etymological notes,g ∑ ∞en-
g ∑ ∞er-,"to be warm, to become warm",etymological notes,g ∑ ∞er-
g ∑eld ∞-,"to be greedy, hungry",,g‚ÅΩ ∑‚Åæeld ∞-
‚ÇÅed-,to eat,Reconstruction:Proto-Indo-European root,h‚ÇÅed-
‚ÇÅeg-,to lack,,h‚ÇÅeg-
‚ÇÅe«µ-,to say,,h‚ÇÅe«µ-
‚ÇÅeg ∑ ∞-,to drink,etymological notes,h‚ÇÅeg ∑ ∞-
‚ÇÅe‚ÇÅt-,"to breathe, breath","Possibly onomatopoeic, compare *h‚ÇÇenh‚ÇÅ- to breathe.",h‚ÇÅeh‚ÇÅt-
‚ÇÅel-,"greyish or brownish coloration, deer, elk, various tree species with bright bark",Reconstruction:Proto-Indo-European root,h‚ÇÅel-
‚ÇÅem-,"to take, to distribute","Possibly related to *nem-, to take or give one's due",h‚ÇÅem-
‚ÇÅeng ∑-,"to burn, fire","Schindler, J. (1975). L'apophonie des th√®mes indo-europ√©ens en -r/n. Bulletin de la soci√©t√© de linguistique de Paris, 70.",h‚ÇÅeng ∑-
‚ÇÅep-,"to grab, snatch, get",Alternative reconstruction of the root *h‚ÇÇep-; see there for more,h‚ÇÅep-
‚ÇÅer-,earth,,h‚ÇÅer-
‚ÇÅerk ∑-,"to praise, to shine; to sound bright",,h‚ÇÅerk ∑-
‚ÇÅers-,to flow,etymological notes,h‚ÇÅers-
‚ÇÅes-,to be,,h‚ÇÅes-
‚ÇÅewg ∞-,basic meaning(s),"from underlying */h‚ÇÅewg ∑ ∞-/, the schwebeablaut (vowel metathesis) variant of *h‚ÇÅweg ∑ ∞-, with the change *wg ∑ ∞ > *wg ∞ due to the Boukolos rule",h‚ÇÅewg ∞-
‚ÇÅewH-,"to help, to assist; to protect",,h‚ÇÅewH-
‚ÇÅews-,to burn,Reconstruction:Proto-Indo-European/h‚ÇÅews-,h‚ÇÅews-
‚ÇÅe-,to go,etymological notes,h‚ÇÅey-
‚ÇÅeg-,"ice, frost",,h‚ÇÅeyg-
‚ÇÅe«µ ∞-,"to desire, long for","The initial laryngeal must be *h‚ÇÅ, not the *h‚ÇÇ suggested by Beekes, or else the Celtic reflexes of the verb would have the wrong vowel; the Celtic verb would surface as **yaigeti with *h‚ÇÇ and **yoigeti with *h‚ÇÉ. Many authors have left the laryngeal unspecified before the Celtic reflexes were established as derived from this root.",h‚ÇÅey«µ ∞-
‚ÇÅeH-,"ice, frost",Reconstruction:Proto-Indo-European root for atmospheric phenomena and water,h‚ÇÅeyH-
‚ÇÅeHw-,"yew, willow, grapes, vine",,h‚ÇÅeyHw-
‚ÇÅes‚ÇÇ-,"to strengthen, to propel",,h‚ÇÅeysh‚ÇÇ-
‚ÇÅleng ∞-,to revile?,Reconstruction:Proto-Indo-European/h‚ÇÅleng ∞-,h‚ÇÅleng ∞-
‚ÇÅleng ∑ ∞-,light; swift; brief,Reconstruction:Proto-Indo-European root,h‚ÇÅleng ∑ ∞-
‚ÇÅlewd ∞-,"to grow, people",etymological notes,h‚ÇÅlewd ∞-
‚ÇÅne·∏±-,"to receive, take away","Conflated with *h‚ÇÇne·∏±- 'to reach, attain' by Pokorny.",h‚ÇÅne·∏±-
‚ÇÅop-,to desire,This word may be an intensive derived from *h‚ÇÅep-.,h‚ÇÅop-
‚ÇÅreb ∞-,"to cover, to roof; rib",,h‚ÇÅreb ∞-
‚ÇÅreg ∑-,to be dark,,h‚ÇÅreg ∑-
‚ÇÅre‚ÇÅ-‚ÇÅer‚ÇÅ-,to row,etymological notes,h‚ÇÅreh‚ÇÅ-
‚ÇÅre‚ÇÅp-,"to take away, snatch",,h‚ÇÅreh‚ÇÅp-
‚ÇÅrem-,to rest,,h‚ÇÅrem-
‚ÇÅrewd ∞-,red,,h‚ÇÅrewd ∞-
‚ÇÅrewg-,"to belch, to roar",onomatopoeic,h‚ÇÅrewg-
‚ÇÅre-,"to rise, arise","Uncertain if related to *h‚ÇÉreyH- 'to churn, swirl'.",h‚ÇÅrey-
‚ÇÅrep-,"to tear, tear down","Compare also *Hrewp-, to break, tear (up).",h‚ÇÅreyp-
‚ÇÅwed-,dowry,,h‚ÇÅwed-
‚ÇÅweg ∑ ∞-,"to promise, to vow; to praise",,h‚ÇÅweg ∑ ∞-
‚ÇÅwe‚ÇÇ-,"to be/become empty, to be extinguished",,h‚ÇÅweh‚ÇÇ-
‚ÇÅwer-,broad,,h‚ÇÅwer-
‚ÇÅwers-,to rain,Reconstruction:Proto-Indo-European/h‚ÇÅwers-,h‚ÇÅwers-
‚ÇÅwed ∞‚ÇÅ-,"to separate, divide","From a univerbation of *dwi-'apart' and *d ∞eh‚ÇÅ-'to put, place'. The initial *d became *h‚ÇÅ due to dissimilation; compare *w√≠d·∏±mÃ•ti > *h‚ÇÅw√≠d·∏±mÃ•ti 'twenty'.",h‚ÇÅweyd ∞h‚ÇÅ-
‚ÇÅa«µ-,"to sacrifice, to worship",*h‚ÇÅiÃØagÃë-,h‚ÇÅya«µ-
‚ÇÇeg-,"to sin, violate, commit a crime",,h‚ÇÇeg-
‚ÇÇe«µ-,to drive,,h‚ÇÇe«µ-
‚ÇÇeg ∞-,"to be upset, afraid",,h‚ÇÇeg ∞-
‚ÇÇe‚ÇÉ-,"to be hot, to burn","This may actually be the same root as *h‚ÇÇeh‚ÇÅ-, considering there is uncertainty concerning the vocalic outcomes of a conflict in coloring rules from two different laryngeals. Moreover, the reconstruction of *h‚ÇÇeh‚ÇÉm√≥s is highly controversial, as is its affiliation with words meaning ""hot, heat, burn"", and several of its listed descendants are not universally agreed to reflect the same root.",h‚ÇÇeh‚ÇÉ-
‚ÇÇeHs-,"to be [[dry]], to dry; to [[burn]], to [[glow]]; [[hearth]]; [[ashes",Appears to be suffixed/extended from the root *h‚ÇÇeh‚ÇÅ- as found in cognates; alternatively from *h‚ÇÇed-s- with dissimilation.,h‚ÇÇeHs-
‚ÇÇe·∏±-,sharp,,h‚ÇÇe·∏±-
‚ÇÇel-,"to grow, nourish",,h‚ÇÇel-
‚ÇÇelg ∑ ∞-,"to cost, have value, be worth",,h‚ÇÇelg ∑ ∞-
‚ÇÇel‚ÇÇ-,"to wander, roam",,h‚ÇÇelh‚ÇÇ-
‚ÇÇems-,"to give birth, beget",*h‚ÇÇems-,h‚ÇÇems-
‚ÇÇend ∞-,to bloom,,h‚ÇÇend ∞-
‚ÇÇeng-,"curve], [bend",,h‚ÇÇeng-
‚ÇÇen«µ ∞-,"to constrict, tighten, compress; narrow, tight; distressed, anxious","Hittite ·∏´amank- 'to tie' suggests that the earlier form should be reconstructed not as *h‚ÇÇen«µ ∞- but as *h‚ÇÇem«µ ∞-, which weakens the argument for a (genetic) relation to Proto-Uralic *a≈ãke 'painfully constricted'. Perhaps related to *h‚ÇÇeng-, *h‚ÇÇenk-, *h‚ÇÇe·∏±-",h‚ÇÇen«µ ∞-
‚ÇÇen‚ÇÅ-,to breathe,Likely of onomatopoeic origin.,h‚ÇÇenh‚ÇÅ-
‚ÇÇenk-,"curve], [bend",,h‚ÇÇenk-
‚ÇÇent-,"face, forehead, front","Perhaps extended from *h‚ÇÇen-||on, onto",h‚ÇÇent-
‚ÇÇep-,"water, body of water","Proto-Indo-European root meaning ""water""",h‚ÇÇep-
‚ÇÇer-,"to fit, to fix, to put together, to slot",,h‚ÇÇer-
‚ÇÇer«µ-,"white, argent",glittering,h‚ÇÇer«µ-
‚ÇÇer‚ÇÉ-,to plough,Proto-Indo-European root related to agriculture and ploughing,h‚ÇÇerh‚ÇÉ-
‚ÇÇerk-,"to protect, guard, hold, lock",,h‚ÇÇerk-
‚ÇÇet-,grass,,h‚ÇÇet-
‚ÇÇew-,"to enjoy, to consume",,h‚ÇÇew-
‚ÇÇewg-,"to increase, to enlarge; to become strong","From Proto-Indo-European *h‚ÇÇweg-, of which the zero grade *h‚ÇÇug- was reanalysed as having the ablaut vowel before the -w- rather than after it, creating a new variant form of the root. The original root remained in use, however.",h‚ÇÇewg-
‚ÇÇews-,to become light; to dawn,etymological notes,h‚ÇÇews-
‚ÇÇe-,"vital force], [life], [age], [eternity","Sometimes included is {{noncog|hit|íâ∫íÄÄíÑø|tr=pa-a-i|ts=pƒÅi}}, assuming it contains the prefix {{m|hit|íÅâíÇä-|tr=p√©-e-|ts=pe-}}, but this is made obsolete by the derivation of the Hittite from {{m|ine-pro|*h‚ÇÅep-|t=to seize}}. The identification of the Celto-Germanic isogloss meaning ""{{l|en|oath}}"" is uncertain, and it may involve borrowing between these two branches. It is more commonly reconstructed as {{m|ine-pro|*h‚ÇÅ√≥ytos}}, from {{m|ine-pro|*h‚ÇÅey-|t=to go}}, without the Greek. Beekes adduces the Greek under the assumption of a connection to the other Greek words belonging to {{m|ine-pro||*h‚ÇÇey-}}, and comparing the semantics of {{cog|ae-yng|ê¨Äê¨âê¨ôê¨Ä|t=punishment}}",h‚ÇÇey-
‚ÇÇed ∞-,"to ignite, fire","Possibly reanalyzed from a compound or suffixed verb *h‚ÇÇ√©yd ∞h‚ÇÅeti, from *h‚ÇÇey- to burn; fire and *-d ∞h‚ÇÅeti to put, set (later resultative suffix); for the root, see also *h‚ÇÇ√©yos (copper?) metal, ore, *h‚ÇÇey- day, *h‚ÇÇ√©yrÃ• day, morning and *ais«≠ fireplace. Alternatively, the root can be identified as *h‚ÇÅay- to be warm, hot, but this root is also contested and poorly evidenced.",h‚ÇÇeyd ∞-
‚ÇÇe·∏±-,"to obtain, come in possession of, to possess, to own",etymological notes,h‚ÇÇey·∏±-
‚ÇÇes-,"to wish, to request, to search",,h‚ÇÇeys-
‚ÇÇesd-,"to laud, honour",An extension of *h‚ÇÇeys-||to wish,h‚ÇÇeysd-
‚ÇÇger-,"to gather, flock, herd",,h‚ÇÇger-
‚ÇÇleg-,to care for,,h‚ÇÇleg-
‚ÇÇlek-,to protect,,h‚ÇÇlek-
‚ÇÇlewg ∞-,"to announce, tell publicly",etymological notes,h‚ÇÇlewg ∞-
‚ÇÇleb ∞-,"to pour, anoint; to consecrate?",,h‚ÇÇleyb ∞-
‚ÇÇleH-,to smear,,h‚ÇÇleyH-
‚ÇÇme‚ÇÅ-,"to mow, reap",etymological notes,h‚ÇÇmeh‚ÇÅ-
‚ÇÇmel«µ-,"to milk, milk",,h‚ÇÇmel«µ-
‚ÇÇmeg ∑-,"to change, exchange; to change places ‚Üí to wander",Perhaps an extension of *mey-/*h‚ÇÇmey-.,h‚ÇÇmeyg ∑-
‚ÇÇne·∏±-,"to reach, to attain","Conflated with *h‚ÇÅne·∏±- 'to receive, take away' by Pokorny.",h‚ÇÇne·∏±-
‚ÇÇre‚ÇÅ-,"to think, to reason; to arrange",Reanalyzed root of *h‚ÇÇer-/√©h‚ÇÅti 'to join; to prepare',h‚ÇÇreh‚ÇÅ-
‚ÇÇrew-,"to shine, glow",etymological notes,h‚ÇÇrew-
‚ÇÇre-,"to count, count out; to arrange","Reanalysed root of *h‚ÇÇr√©yti, from *h‚ÇÇreh‚ÇÅ- 'to think; to count' + *-√©y-present suffix",h‚ÇÇrey-
‚ÇÇsews-,to be dry,etymological notes,h‚ÇÇsews-
‚ÇÇsewt-,"to seethe, boil","Perhaps a variant of *(h‚ÇÇ)sew- (to burn), as suggested by Kroonen (2013).",h‚ÇÇsewt-
‚ÇÇweg-,"to increase, to enlarge",,h‚ÇÇweg-
‚ÇÇwe‚ÇÅ-,to blow (of wind),etymological notes,h‚ÇÇweh‚ÇÅ-
‚ÇÇwel‚ÇÅ-,"to rule, strong, powerful",,h‚ÇÇwelh‚ÇÅ-
‚ÇÇwerg-,"to turn, turn around",,h‚ÇÇwerg-
‚ÇÇwes-,"to dwell, live, reside; to stay, spend the night",,h‚ÇÇwes-
‚ÇÇew-,"straight, upright, right; right, justice, law","Back-formation from the noun *h‚ÇÇ√≥yu, from the root *h‚ÇÇey- 'vital force, life'",h‚ÇÇyew-
‚ÇÉed-,"to smell, stink","The ""stink"", ""hate"", and ""bite"" senses may all be etymologically equivalent and stem from an original meaning of ""sting"".",h‚ÇÉed-
‚ÇÉek ∑-,"to see, eye",,h‚ÇÉek ∑-
‚ÇÉel‚ÇÅ-,"to fall, to collapse; to destroy/be destroyed",,h‚ÇÉelh‚ÇÅ-
‚ÇÉem‚ÇÉ-,"to grab, to grasp, to seize, to take hold, tackle, touch; to swear (an oath)",,h‚ÇÉemh‚ÇÉ-
‚ÇÉeng ∑-,"to smear, to anoint","LIV reconstructs *h‚ÇÇ instead of *h‚ÇÉ on account of {{cog|grc|-Œ±ŒºŒ≤ŒøœÇ}} in {{m|grc|Œ∏œÅŒØŒ±ŒºŒ≤ŒøœÇ}} and the like. The o-grade in {{cog|la|ungu≈ç}} must then be analogical from {{cog|la|unguen||fat, cream}}.",h‚ÇÉeng ∑-
‚ÇÉen‚ÇÇ-,"to call, summon; to assign (to a role or task); to onerate, charge",,h‚ÇÉenh‚ÇÇ-
‚ÇÉep-,"to work, toil, make; ability, force",,h‚ÇÉep-
‚ÇÉer-,"to move, to stir; to rise, to spring; to quarrel, fight",,h‚ÇÉer-
‚ÇÉerb ∞-,"to turn; to change allegiance, status, ownership; inheritance (i.e. to change ownership)",etymological notes,h‚ÇÉerb ∞-
‚ÇÉerd ∞-,"to increase, grow; upright, high",Possibly reanalyzed root of *h‚ÇÉer- 'to rise' + *-d ∞h‚ÇÅeti 'resultative verbal suffix',h‚ÇÉerd ∞-
‚ÇÉew-,to put clothes or shoes on,,h‚ÇÉew-
‚ÇÉlemH-,"to break, weak, broken, soft",,h‚ÇÉlemH-
‚ÇÉmer«µ-,"to wipe off, wipe clean","Securely attested only in Indo-Iranian and Greek. Reconstructions with initial *h‚ÇÇ are based on the inclusion of ·ºÄŒºŒ≠œÅŒ≥œâ, though it is unclear how to reconcile the different vocalisms.",h‚ÇÉmer«µ-
‚ÇÉme«µ ∞-,to urinate,"Bodily functions, Bodily fluids",h‚ÇÉmey«µ ∞-
‚ÇÉmeg ∞-,"fog, mist, cloud; to drizzle",,h‚ÇÉmeyg ∞-
‚ÇÉneb ∞-,"hub, navel",etymological notes,h‚ÇÉneb ∞-
‚ÇÉne‚ÇÇ-,to enjoy,,h‚ÇÉneh‚ÇÇ-
‚ÇÉned-,"to revile, insult",etymological notes,h‚ÇÉneyd-
‚ÇÉre«µ-,"to straighten, to righten",etymological notes,h‚ÇÉre«µ-
‚ÇÉrew-,"to run, to hurry","extension of *h‚ÇÉer- 'to move, stir'",h‚ÇÉrew-
‚ÇÉrewH-,"to roar, to howl, to shout",onomatopoeic,h‚ÇÉrewH-
‚ÇÉrewk-,"to dig, to till (soil)","Perhaps an extension of *Hrew-||to tear out, dig out",h‚ÇÉrewk-
‚ÇÉreH-,"to move, set in motion; to flow, stream (of water); to boil, churn","Extended from *h‚ÇÉer- 'to move, stir'",h‚ÇÉreyH-
‚ÇÉeb ∞-,"to enter into, penetrate; to copulate",etymological notes,h‚ÇÉyeb ∞-
He‚ÇÉl-,"to bow, to bend; elbow",etymological notes,Heh‚ÇÉl-
He‚ÇÉs-,ash tree,The Proto-Indo-European root for the ash tree.,Heh‚ÇÉs-
Hre‚ÇÅd ∞-,"to think, to arrange, to succeed, accomplish",Possible reanalyzed root of *h‚ÇÇreh‚ÇÅ- 'to think; to count' and *-d ∞h‚ÇÅeti,Hreh‚ÇÅd ∞-
Hresg-,"to weave, knit","Proto-Indo-European root meaning 'to weave, knit'",(H)resg-
Hret‚ÇÇ-,to run,"Root-final *h‚ÇÇ is reconstructed on the basis of the aspirated dental in Indo-Iranian and perhaps Albanian, but could instead be rebuilt from an original *Hr√©t-h‚ÇÇ ~ HrÃ•t-√©s.",Hreth‚ÇÇ-
Hrew-,"to tear out, dig out, open, acquire",,Hrew-
HrewdH-,to weep,"Compare *h‚ÇÉrewH- ""to howl, shout, speak noisily"".",HrewdH-
HrewH-,"to dig out, to root",,(H)rewH-
Hrewp-,"to break, tear (up)","Perhaps an extension of *Hrew- ""to tear out, dig out"". Compare also *h‚ÇÅreyp- ""to tear, tear down"".",Hrewp-
Hre«µ-,"to stretch out, reach",,Hrey«µ-
He‚ÇÅ-,to throw,,(H)yeh‚ÇÅ-
Hek ∑-,liver,,Hyek ∑-
Hewd ∞-,"moving erect, to be agitated or push forward in such a fashion that one is straight or upright (for example as walking into battle)","A derivation from *h‚ÇÇyew-,t=straight, upright, most likely with *-d ∞h‚ÇÅeti.",Hyewd ∞-
·∏±e‚ÇÅs-,"to teach, to indicate",,·∏±eh‚ÇÅs-
·∏±e‚ÇÇd-,"hatred], [angriness",Speculative links have been made to *·∏±h‚ÇÇd-|t=to fall.,·∏±eh‚ÇÇd-
·∏±el-,to cover,Reconstruction:Proto-Indo-European/·∏±el-,·∏±el-
·∏±enk-,to hang,"Reconstruction of a Proto-Indo-European root meaning ""to hang"".",·∏±enk-
·∏±ens-,"to announce, to proclaim; to put in order",Perhaps an old ingressive s-formation of *·∏±em-,·∏±ens-
·∏±er-,"to grow, to make grow, to nourish",,·∏±er-
·∏±erd-,heart,,·∏±erd-
·∏±er‚ÇÇ-,"head, top; horn","Potentially a collective derivation in *-h‚ÇÇ from *·∏±er-||to grow, of which the original root noun may be fossilized in crƒÅs. A possible loan relation with *·∏≥arn-||horn has also been suggested.",·∏±erh‚ÇÇ-
·∏±ers-,to run,*kÃÇers- 'to run',·∏±ers-
·∏±es-,to cut,,·∏±es-
·∏±ew‚ÇÅ-,"to swell, to be strong",etymological notes,·∏±ewh‚ÇÅ-
·∏±e-,"to be lying down, to settle","The meaning ""to be lying down"" might come from ""to have fallen"" as the meaning ""to fall"" occurs in Celtic and Sanskrit.",·∏±ey-
·∏±ep-,"to ridicule, mock, anger",Reconstruction:Proto-Indo-European/·∏±eyp-,·∏±eyp-
kag ∞-,"to hold, keep; to close, enclose; that which encloses: fence, hedge, barrier; enclosed space, fenced field, pasture",etymological notes,kag ∞-
·∏±‚ÇÇd-,to fall,"Speculative links have been made to *keh‚ÇÇd- 'hatred, angriness'.",·∏±h‚ÇÇd-
kakka-,to defecate,"Probably a Lallwort of imitative/expressive origin. Calvert Watkins claimed in particular: ""imitative of glottal closure during defecation"".",kakka-
·∏±lew-,to hear,"From Proto-Indo-European *·∏±el- ""to incline"", possibly related to Uralic *kule- ""to hear"" with metathesis of 'l' and 'w'",·∏±lew-
·∏±lewH-,"to clean, rinse, slide",,·∏±lewH-
·∏±lews-,to hear,"Reanalyzed from *·∏±l√©wseti, se-desiderative of *·∏±lew-.",·∏±lews-
·∏±le-,"to shelter, cover",,·∏±ley-
kap-,"to seize, to grab; to hold",etymological notes,kap-
·∏±wen-,"holy, sacred",,·∏±wen-
·∏±wes-,"to puff, sigh",etymological notes,·∏±wes-
·∏±wet-,to shine,Reconstruction:Proto-Indo-European/·∏±weyt-,·∏±weyt-
ke‚ÇÅw-,"to wobble, swing",,keh‚ÇÅw-
ke‚ÇÇ-,to desire,Reconstruction:Proto-Indo-European/keh‚ÇÇ-,keh‚ÇÇ-
ke‚ÇÇn-,to sing,,keh‚ÇÇn-
ke‚ÇÉ-,to fight,,keh‚ÇÉ-
keH-,"to heat, to become hot",Proto-Indo-European root meaning 'hot',keHy-
kel-,"to drive, particularly of animals",,kel-
kelH-,"to rise, to be tall; hill",,kelH-
kel‚ÇÅ-,"to call, cry, summon",,kelh‚ÇÅ-
kel‚ÇÇ-,"to beat, to break",,kelh‚ÇÇ-
kemH-,to hum,Possible late North-West Indo-European isogloss.,kemH-
ken-,"to arise, begin",Reconstruction:Proto-Indo-European/ken-,ken-
ker-,army,,ker-
kerp-,"to pluck, harvest","Ultimately derived from Proto-Indo-European *(s)ker-, ""to cut"". A general word for ""to harvest"" that had a tendency in some branches to be specialized for the picking of fruit while in others for the reaping of grain.",kerp-
kes-,"to scrape, comb",etymological notes,kes-
kew‚ÇÇ-,"to hit, to strike; to forge",,kewh‚ÇÇ-
kewk-,"to elevate, height",,kewk-
ke‚ÇÇ-,"to move, be in motion",,keyh‚ÇÇ-
*ket-,"to shine, glow","According to Lubotsky, all derived terms are actually from *k ∑eyt-/*(s)k ∑eyt-, with loss of labialization in front of *o in Germanic. On the other hand, Kummel argues that the terms at *k ∑eyt- could instead belong to *keyt-.",keyt-
k‚ÇÇem-,"to bend, to curve; to smooth","The presence of short *a in all descendants is difficult to explain, and the validity of a root structure *CHeC- is not universally accepted. An alternative, though equally tentative, solution is that some or all of the cognate set are derived from a common substratum continuum. The Greek terms may point to a non-Indo-European substratum.",kh‚ÇÇem-
k‚ÇÇed-,"to cut, hew","Possibly from *(s)kh‚ÇÇey- (perhaps whence *hajanƒÖ to pound) with an unknown suffix *-d-, possibly reanalyzed from *sek-/*sekh‚ÇÇ- to cut, sever and *-√©yti.",kh‚ÇÇeyd-
kle‚ÇÇ-,"to put, to lay out",etymological notes,kleh‚ÇÇ-
kle‚ÇÇw-,"a hook, crook, peg; to close something","*kleh‚ÇÇu-d-; *kl(e)h‚ÇÇuÃØ-ƒ´d-; *kleh‚ÇÇu- i - , -o-",kleh‚ÇÇw-
klep-,to steal,,klep-
klÃ•H-,"bald, naked","Formally unable to be related to *gelH-; however, the superficial phonetic and semantic resemblance of the two roots, as well as the existence of words meaning ""bald"" (a non-basic vocabulary term) in various descendants of both roots via the same suffixing pattern of *-w√≥-s, is striking.",klÃ•H-
krep-,body,,krep-
kres-,"to move, be agitated; spring, surge, wave",,kres-
kret-,"to be strong, to swell",Proto-Indo-European extension *kre-t-,kret-
krewH-,"to pile, stack, place on top, cover",,krewH-
krew‚ÇÇ-,blood outside the body as of a wound,,krewh‚ÇÇ-
krews-,"to freeze, become hard",,krews-
kre-,"to sift, separate, divide",,krey-
krows-,"to push, bump, strike, break","Possibly an extended form of *krew(H)- as found in *hrewwanƒÖ and *krun-, to strike, hit. Œ∫œÅŒøœçœâ may reflect either root.",krows-
ksen-,"to card, scratch","Reanalysed root of *k√©s-rÃ• ~ *ks-√©n-s, from *kes- 'to scrape, comb' with *-rÃ• n-stem suffix.",ksen-
ksew-,"to scrape, shave, sharpen","Reanalysed root of *k√©s-u-s ~ *ks-√©w-s, from *kes- 'to scrape, comb'",ksew-
ksnew-,"to scrape, sharpen","Reanalysed root of *ksn√©wti, from *kes- 'to scrape, comb' + *-n√©wti present suffix.",ksnew-
ksweb ∞-,"to move swiftly, make a swift movement; to swing, shake, to be swinging; to whip, cast, throw",etymological notes,ksweyb ∞-
k≈´-,"to cry out, call, howl",Possibly onomatopoeic in origin.,k≈´-
*kwep-,"to smoke, to steam; to boil; aroma, strong odor","Most likely innovated root, which appeared in Late Proto-Indo-European. Beekes does not suggest Indo-European origin for the Greek data. Rix (in LIV) reconstructs two or three distinct roots: *keuÃØp-, *kuÃØeh‚ÇÅp-, and possibly *kuÃØep-. The Balto-Slavic data is inconclusive - Derksen distinguishes at least two different roots *kwep- (to smell, aroma) and *k ∑h‚ÇÇwep- (to steam, to burn). The root also resembles the wanderwort ŒöœçœÄœÅŒøœÇ (Cyprus), cuprum (copper), which is of Middle Eastern origin.",kwep-
kw‚ÇÇet-,"to bubble, to foam; to ferment, become sour",,kwh‚ÇÇet-
ke‚ÇÇ-,to sieve,,kyeh‚ÇÇ-
k ∑-,the primary interrogative root,"Theorized by some linguists, particularly proponents of the Indo-Uralic hypothesis, to be related to the Uralic interrogative root *ku-.",k ∑-
k ∑e‚ÇÅ-,perceive,,k ∑eh‚ÇÅy-
k ∑e‚ÇÇs-,to cough,,k ∑eh‚ÇÇs-
k ∑e·∏±-,"to see, to look",etymological notes,k ∑e·∏±-
k ∑el‚ÇÅ-,"to turn, end-over-end; to revolve around, sojourn, dwell","The root must be reconstructed with -h‚ÇÅ- in order to explain some forms in Greek and Celtic, including Proto-Greek *k ∑√©lh‚ÇÅ-d ∞e-ti > œÑŒµŒªŒ≠Œ∏œâ and Proto-Celtic *k ∑alnati > Welsh pallu, Old Irish imm¬∑cella. However, this reconstruction contradicts some forms in other languages, e.g. Proto-Italic *k ∑lÃ•-t√≥-s > Latin cultus (not **clƒÅtus < **k ∑lÃ•h‚ÇÅ-t√≥s), which can be explained by various secondary processes.",k ∑elh‚ÇÅ-
k ∑els-,"to pull, drag; to turn",,k ∑els-
k ∑em-,to swallow,,k ∑em-
k ∑er-,"to do, to make, to build","The original meaning is often reconstructed as ""to carve, to shape by cutting"", based on the Anatolian forms.",k ∑er-
k ∑e-,"to pay, to avenge",Some sources reconstruct this root with a laryngeal *k ∑eh‚ÇÅy-.,k ∑ey-
k ∑es-,to see; to heed,"Extended from *k ∑ey- ""to perceive""",k ∑eys-
k ∑et-,to notice,"Per LIV, it is assumed that the root is a t-extension of *k ∑ey-||to estimate",k ∑eyt-
k ∑re‚ÇÇ-,to buy,etymological notes,k ∑reyh‚ÇÇ-
k ∑e‚ÇÅ-,"to rest, rest, peace",Reconstruction:Proto-Indo-European/k ∑yeh‚ÇÅ-,k ∑yeh‚ÇÅ-
k ∑sewd-,"to crush, disperse; to disintegrate",Possibly from *ksew- 'to scrape',k‚ÅΩ ∑‚Åæsewd-
*leb-,"to hang down loosely, lip, to lick","The reconstruction is uncertain, and contains the rare PIE phoneme *b. A secondary form *lh‚ÇÇP- also exists, with a variety of labials standing in for P. Moreover, the Iranian initial l- is irregular. The root therefore probably originates from a substrate language or is onomatopoeic (imitative of e.g. licking, smacking lips).",leb-
leg-,to leak,,leg-
le«µ-,"to gather, collect, with derivatives meaning to speak by carefully selecting one's words",etymological notes,le«µ-
leg ∞-,"to lie, to be in resting position",,leg ∞-
le‚ÇÅ-,"soft, calm; lazy, slow",Reconstruction:Proto-Indo-European/leh‚ÇÅ-,leh‚ÇÅ-
le‚ÇÅd-,"to be tired, to leave",,leh‚ÇÅd-
le‚ÇÇ-,"to bark, howl",,leh‚ÇÇ-
le‚ÇÇw-,"to seize, gain; benefit, prize",etymological notes,leh‚ÇÇw-
lek-,"to jump, scuttle along",,lek-
*len-,soft,etymological notes,len-
lend ∞-,"land, heath",,lend ∞-
les-,"to gather, to collect",etymological notes,les-
lew-,dirt,"Proto-Indo-European root meaning ""dirt""",lew-
lewb ∞-,"to desire, covet, want (someone or something); to admire, praise; to love; to be disturbed",,lewb ∞-
lewd-,"to crouch, duck, bend","Several descendants show abstracting semantic shifts from ""to bend down"" (or ""crouch over"") to negative qualities or states of being, but these seem to be independent. Compare the semantics of the English word ""stoop"".",lewd-
lewg-,to bend,,lewg-
lew«µ-,"break (off), shatter",,lew«µ-
lew‚ÇÉ-,to wash,Reconstruction:Proto-Indo-European/lewh‚ÇÉ-,lewh‚ÇÉ-
lewk-,"bright], [to shine], [to see",etymological notes,lewk-
leid-,"to let, allow; to let go, release","Rix suggests that this root derives from the root above. Alternatively related to *leyg- 'to jump around, play'.",leyd-
leg-,"to jump around, run around; to play, frolic; to shake, jitter; to dance",,leyg-
le«µ-,"to bind, tie",The reconstruction is uncertain due to the fact that the supposed reflexes are present in only three branches.,ley«µ-
le«µ ∞-,to lick,Reconstruction:Proto-Indo-European/ley«µ ∞-,ley«µ ∞-
lek ∑-,to leave,"Proto-Indo-European root meaning ""to leave""",leyk ∑-
lep-,"to stick, fat or sticky substance","Often supposed to be an extension of *ley-, *(s)ley- 'to slip, slide, glide; slimy'",leyp-
*les-,"to trace, to track",Reconstruction:Proto-Indo-European/leys-,leys-
med-,"to measure, to give advice, healing",,med-
med ∞i-,"with], [among","From the adverb *me + *d ∞e, locative particle.",med ∞i-
meg ∞-,to be able,Reconstruction:Proto-Indo-European/meg ∞-,meg ∞-
me‚ÇÅ-,to measure,Reconstruction:Proto-Indo-European root,meh‚ÇÅ-
me‚ÇÇ-,"good, great; timely, opportune",,meh‚ÇÇ-
me‚ÇÇd-,"to be wet, to become wet","Pokorny, Fortson, and LIV reconstruct this root as an example of an *a-ablauting stem (*mÃ•d- ~ *mad- ~ *mƒÅd-). On the other hand, the regular outcome of *#RÃ•HC- in the descendants can account for many of the reflexes. A lot is uncertain about this root.",meh‚ÇÇd-
me‚ÇÇ·∏±-,"to raise, increase; long","The LIV notes that the only satem language evidence for the palatal *·∏± comes from Gothic ê¨®ê¨Äê¨Ø 'great' and its derivatives. The LIV attributes this word to a dialectal variant of Gothic ê¨®ê¨Äê¨∞ from *m√©«µh‚ÇÇs. This would also help explain the short root vowel found throughout the Avestan forms. If Avestan does not belong here, then *meh‚ÇÇk- could very well be the correct form.",meh‚ÇÇ·∏±-
mel-,"to worry, be late",,mel-
mel‚ÇÇ-,"to grind, to crush",etymological notes,melh‚ÇÇ-
*mems-,"flesh, meat","Perhaps from *me-ms-, reduplicated form of *mes-",mems-
men-,"to think, mind; spiritual activity",,men-
mend-,"foal, small horse",,mend-
mensd ∞‚ÇÅ-,"vivacious, wisdom, to pay attention to","A compound root from *men-/t1=to think and *d ∞eh‚ÇÅ-/t2=to do, put, lit=to put in mind",men(s)d ∞h‚ÇÅ-
mer-mer…ô-,"to die, to disappear",etymological notes,mer-
mers-,to forget,,mers-
*mesg-,"to dip, sink",Reconstruction:Proto-Indo-European/mesg-,mesg-
met-,to cut (by measure),"Part of the same group of roots as *meh‚ÇÅ- ""to measure"", *med- ""to estimate, judge"", possibly also *meh‚ÇÇ- ""to grow, mature"", *med ∞i- ""middle, between"", *me«µh‚ÇÇ-/*me«µ-h‚ÇÇ- ""great, big"", all with a sense of ""measurement, estimation > size, distance, amount"".",met-
*meud-,to rejoice,Reconstruction:Proto-Indo-European/mewd-,mewd-
mews-,moss,,mews-
me-,to strengthen,etymological notes,mey-
mek-,"to twinkle, blink",,meyk-
me·∏±-,to mix,"Possibly from Proto-Indo-European *mey- ""to change"".",mey·∏±-
met‚ÇÇ-,"to change, to exchange, to remove",Possibly derived from *mey- 'change'.,meyth‚ÇÇ-
mlewH-,to say,,mlewH-
mon-,"to think, to warn",,mon-
mre«µ ∞-,short,,mre«µ ∞-
mreg ∞-,brain,Reconstruction:Proto-Indo-European/mreg ∞-,mreg ∞-
mrÃ•k-,"to decay, edible herb, tuber, carrot",,mrÃ•k-
mew‚ÇÅ-,to move,Reconstruction:Proto-Indo-European/m(y)ewh‚ÇÅ-,m(y)ewh‚ÇÅ-
neb ∞-,"to become damp, cloudy",etymological notes,neb ∞-
neg ∑-,"bare], [naked",,neg ∑-
ne‚ÇÇw-,"to die, perish; to lack; death",,neh‚ÇÇw-
ne·∏±-,"to perish, disappear",etymological notes,ne·∏±-
nem-,"to distribute, to give, to take",etymological notes,nem-
nes-,to return home (safely),,nes-
new,new,,new-
neig ∑-,to wash,Reconstruction:Proto-Indo-European/neyg ∑-,neyg ∑-
*neH-,"to lead, to churn (dairy products)","Neo-root from a reanalysis of *(s)neh‚ÇÅ-, with the root laryngeal metathesized to after the *-y- suffix.",neyH-
*neik-,"to winnow, swing grains in a mill",etymological notes,neyk-
*ped-,"to walk, to step; to stumble, to fall",,ped-
peg-,breast,,peg-
pe‚ÇÅ-,"to hate, hurt",,peh‚ÇÅ-
pe‚ÇÇ-,"to protect, to ward; to shepherd",etymological notes,peh‚ÇÇ-
pe‚ÇÇ«µ-,"to attach, fix, fasten",Reconstruction:Proto-Indo-European/peh‚ÇÇ«µ-,peh‚ÇÇ«µ-
pe‚ÇÇ·∏±-,"to join, to attach; agreement, settlement",etymological notes,peh‚ÇÇ·∏±-
pe‚ÇÇw-,"few], [little], [smallness",,peh‚ÇÇw-
pe‚ÇÉ-,to drink,Reconstruction:Proto-Indo-European/peh‚ÇÉ-,peh‚ÇÉ-
pe·∏±-,"to pluck (wool, hair)","from Proto-Indo-European root meaning ""to pluck""",pe·∏±-
pek ∑-,"to cook, to ripen","It has been suggested that Hittite and Luwian terms which point to a root *pek ∑- to pound, crush, crack (grain) may preserve the original meaning of the PIE root, which later shifted in meaning to ""to prepare food, cook"" by the ancestor of the non-Anatolian branches.",pek ∑-
pel-,"to cover, to wrap; skin, hide, cloth",etymological notes,pel-
pelH-,"pale, gray","Derksen takes the original meaning of the root as ""to burn, singe"", whence secondary senses including ""ashes"" (the result of burning) and ""gray"" (the color of ash).",pelH-
pel‚ÇÇ-,to approach,"Extension of *pel-, to drive.",pelh‚ÇÇ-
pent-,"to pass, path",,pent-
per-,"before], [first",,per-
*perd-,"to fart loudly, pass gas, break wind",etymological notes,perd-
per‚ÇÉ-,"to provide, produce, beget",,perh‚ÇÉ-
per·∏±-,"colored, speckled","*perkÃëo-, *porkÃëo-, *perkÃë-no-, *prÃ•kÃë-no-; *prÃ•kÃë-nƒÅ; *perkÃë-nƒÅ; *por·∏±-uÃØ√≥-; *perk-ro-s zu *pelcro-, *polcro-",per·∏±-
perk ∑-,oak,,perk ∑-
pers-,"to sprinkle, to spatter",etymological notes,pers-
pes-,penis,"An alternative explanation regards the sense 'man, male' as original, as in Hittite. The Latin word pƒìnis presents problems due to the attested chronology of the word's semantics, where 'tail' is older than 'penis', which also aligns with the expected semantic development of such a word (compare e.g. Armenian ’±’•’ø 'tail' > 'penis'); the reverse development is less likely.",pes-
*pesd-,"to fart softly, pass gas, break wind",Probably imitative.,pesd-
pet‚ÇÇ-,"to spread out, to fly","Existing in variations, *pet-, *peth‚ÇÅ-, *peth‚ÇÇ-.",peth‚ÇÇ-
pew«µ-,"to punch, fist-fight; to prick, poke, stab",Probably not related to *pew·∏±- 'pine'.,pew«µ-
pewH-,"to be clean, pure","Reconstruction of a Proto-Indo-European root meaning ""to be clean, pure""",pewH-
pew·∏±-,pine,"According to Beekes, probably not related to *pew«µ- 'to punch, prick'. But compare *peyh‚ÇÇ- 'to swell'.",pew·∏±-
pe«µ-,"inactive], [reluctant",,pey«µ-
pe‚ÇÇ-,"to swell (with milk), to be swollen, fat",etymological notes,peyh‚ÇÇ-
pe·∏±-,"to hew, cut out; to stitch, embroider, sting; by extension to paint, mark, color",,pey·∏±-
pes-,"to grind, to crush",Reconstruction:Proto-Indo-European/peys-,peys-
ple‚ÇÅ-,to fill,Reconstruction:Proto-Indo-European/pleh‚ÇÅ-,pleh‚ÇÅ-
ple‚ÇÇ-,flat,"Compare *pleth‚ÇÇ- ""flat"" and *pel- ""skin, hide, membrane, cloth"".",pleh‚ÇÇ-
ple‚ÇÉw-,"to swim, flow",This root is traditionally considered a lengthened *≈ç-grade of *plew-. The LIV prefers *pleh‚ÇÉ- with either a *-yeti or *-weti present. Derksen suggests either a *-weti present or a conflation of *plew- and *pleh‚ÇÉ-.,pleh‚ÇÉ(w)-
ple·∏±-,"to fold, plait, weave","Extended from *pel-, to fold",ple·∏±-
plet‚ÇÇ-,"to spread, extend; flat",,pleth‚ÇÇ-
*plew-,"to fly, flow, run",etymological notes,plew-
plewd-,"to fly, flow, run",Extended form of *plew-.,plewd-
*pleuk-,"to fly, flow, run; to splash, to flap with hands","Extended form of *plew- 'to fly, flow, run'",plewk-
pnew-,"to breathe, gasp; to snort, sneeze",Likely onomatopoeic.,pnew-
preg-,"to yearn, to covet",,preg-
pre‚ÇÇ-,"before], [in front","From Proto-Indo-European *per- ""before"".",preh‚ÇÇ-
pre·∏±-,to ask,Reconstruction:Proto-Indo-European/pre·∏±-,pre·∏±-
*prep-,"to appear, to be visible",etymological notes,prep-
pres-,to press,"Possibly an extension of *per-||to attempt, try, risk, but this is guesswork.",pres-
prew-,to jump,Reconstruction:Proto-Indo-European/prew-,prew-
prews-,"to freeze, frost",,prews-
preH-,"to please, to love",Reconstruction:Proto-Indo-European/preyH-,preyH-
prÃ•k-,to fear,,prÃ•k-
prot-,to understand,,prot-
pterH-,fern,"A hotly disputed root. Derksen prefers to reconstruct *perH-, to which he also assigns Slavic *pero. Matasovic reconstructs *perHt-. Kroonen reconstructs *pterH- under the assumption of a connection with Ancient Greek œÄœÑŒ≠œÅŒπœÇ, a connection Derksen and Matasovic do not find phonologically likely; Beekes considers the term a later Greek formation. The only point of agreement between them is that the majority of descendants generally assigned to this root, with the exception of œÄœÑŒ≠œÅŒπœÇ, are definitively cognate.",p(t)erH-
puH-,"rotten, foul",etymological notes,puH-
re‚ÇÅd-,"to scrape, scratch, gnaw",,reh‚ÇÅd-
re‚ÇÅt-,"post, beam, pole",,reh‚ÇÅt-
*sed-,to sit,"Proto-Indo-European root meaning ""to sit""",sed-
se«µ ∞-,"to overpower, to take hold of",etymological notes,se«µ ∞-
se‚ÇÅ-,"to sow, to scatter",This root is the source of words related to sowing and scattering seeds in many Indo-European languages.,seh‚ÇÅ-
se‚ÇÇ-,"to satiate, satisfy",,seh‚ÇÇ-
se‚ÇÇg-,to seek out,,seh‚ÇÇg-
se‚ÇÇk-,"to make a pact, treaty; to make sacred; ceremony, ritual","The favored connection is now to *seh‚ÇÇg-, to seek.",seh‚ÇÇk-
sek-,"to cut, cut off, sever",etymological notes,sek-
sek ∑-,to follow,imperfective root,sek ∑-
sel-,"jump], [spring",LIV rejects the *sh‚ÇÇel- and *sal- reconstructions and explains the Italo-Celtic sal- as a development of initial *slÃ•y-. De Vaan regards the grade of the vowel in the reconstruction of this root as uncertain.,sel-
sel«µ-,"to let go, send",etymological notes,sel«µ-
sel‚ÇÅ-,to take,"Reconstruction of a Proto-Indo-European root meaning ""to take"".",selh‚ÇÅ-
*selp-,"fat, oil",Reconstruction:Proto-Indo-European/selp-,selp-
sem-,"together], [one",,sem-
sem‚ÇÇ-,"summer, year","May be related to *sƒìmi ""half"", if the original meaning was ""half-year"" as attested in Vedic. Martirosyan argues that ""year"" was the original meaning.",semh‚ÇÇ-
seng ∑-,"to sink, to fall, to drop",,seng ∑-
seng ∑ ∞-,"to recite, to sing",Reconstruction:Proto-Indo-European/seng ∑ ∞-,seng ∑ ∞-
*sent-,go,Proto-Indo-European root meaning 'go',sent-
*sep-,"to taste, to try out","Kroonen explains the a in Latin, and perhaps Germanic, as a ""schwa secundum"": an epenthetic vowel arising in the zero grade *sp-. De Vaan assumes a laryngeal origin instead, and posits zero-grade *sHp-, while noting that the full grade was likely *seh‚ÇÅp- based on a long vowel *sƒìp- found in Sabellic.",sep-
ser-,to flow,,ser-
ser·∏±-,"to emend, make good, recompense",etymological notes,ser·∏±-
*serp-,"to creep, crawl",Reconstruction:Proto-Indo-European/serp-,serp-
*ses-,"to rest, to sleep",,ses-
*sew‚ÇÅ-*sew‚ÇÉ-,"to bear (a child), to give birth",Perhaps an extension of *sew-||to pour; squeeze,sewH-
sew‚ÇÅ-,"to press, push (forth)",etymological notes,sewh‚ÇÅ-
sek ∑-,"to moisten, to filter",,seyk ∑-
set-,magic,,seyt-
s ∑es-,to be extinguished,Reconstruction:Proto-Indo-European/(s)g ∑es-,(s)g ∑es-
sg ∑ ∞‚ÇÇel-,"to stumble, misstep",etymological notes,(s)g ∑ ∞h‚ÇÇel-
s‚ÇÅes-,"harvest, crop, fruit","Reanalyzed root from *sh‚ÇÅes ~ *sh‚ÇÅs-o-s 'sowing', from *seh‚ÇÅ- 'to sow'.",(s)h‚ÇÅes-
s‚ÇÇe-,"to bind, fetter",Probably from *seh‚ÇÇ- 'to bind' + *√©y-present verbal suffix,sh‚ÇÇey-
skab ∞-,"to scratch, scrape",etymological notes,skab ∞-
sk ∞e‚ÇÅw-,"cold, rainy; north","Kroonen derives the Germanic data from *(s)·∏±eh‚ÇÉ-, which however is typically reconstructed with -h‚ÇÉ- in order to explain Greek œÉŒ∫œåœÑŒøœÇ 'darkness' < Pre-Hellenic *skh‚ÇÉt√≥s.",(s)·∏±eh‚ÇÅw-
s·∏±e‚ÇÅ-,"to shine, shimmer","Possibly connected to *(s)·∏±eh‚ÇÉ- 'darkness, shadow'.",(s)·∏±eh‚ÇÅy-
s·∏±e‚ÇÉ-,"darkness, shadow","Possibly connected to *(s)·∏±eh‚ÇÅy- 'to shine, shimmer'.",(s)·∏±eh‚ÇÉ-
skel-,"to bend, crook; bent, crooked; bent or curved body parts (leg, heel, knee, hip)",,(s)kel-
skel-,"to be obligated, owe; to be guilty",,skel-
skelH-,"to cut, to split, to separate",etymological notes,(s)kelH-
skel‚ÇÅ-,"to parch, wither",,(s)kelh‚ÇÅ-
*skeng-,"to limp, hobble; to tilt, be askew",,(s)keng-
sker-,"to cut off, sever; to separate, divide",etymological notes,(s)ker-
*skerb ∞-,"to be sharp, to turn around, wind, curve",,(s)kerb ∞-
*skeud-,"to advance, push; to drive, propel",etymological notes,(s)kewd-
skewH-,"to cover, conceal, hide; hide, skin",,(s)kewH-
*skew‚ÇÅ-,"to perceive, to observe",etymological notes,(s)kewh‚ÇÅ-
*ske-,"to split, to dissect",Perhaps from a reanalysis of *sek-||to cut *-√©yti|alt2=*-√©y-].,skey-
sked-,"to split, to divide",Extension of the root *skey-,skeyd-
skreib ∞-,"to scratch, to tear","Probably an extended form of *(s)ker-, to cut off, sever.",(s)kreyb ∞-
*skwe‚ÇÅt-,"to churn, stir, shake",etymological notes,(s)kweh‚ÇÅt-
skwe-,"thorn, needle, prickle","thorny, prickly plant",skwey-
sleg-,"to tire out, slacken",,(s)leg-
sle‚ÇÉ-,blueish,,(s)leh‚ÇÉy-
slewb ∞-,"to slip, slide, glide",,slewb ∞-
sled ∞-,"to slip, slide; to be slippery, slick","May be a derivational extension of the root *(s)ley- ""to slip, slide, be slimy""",sleyd ∞-
smal-,"small, little",,(s)mal-
sme‚ÇÇ-,"to beckon, signal",Reconstruction:Proto-Indo-European/(s)meh‚ÇÇ-,(s)meh‚ÇÇ-
sme·∏±-,beard]; [chin,,sme·∏±-
smel-,"false, erroneous; bad, evil","the connection between each form is semantically fine, however their isolation makes this reconstruction suspect",(s)mel-
smeld-,"to soften, to melt","Often compared to *(s)mel-||to crush, grind",(s)meld-
*smer-,"to fall into thinking, remember, care for",etymological notes,(s)mer-
smerd-,"to bite, to sting",,(s)merd-
*smewk-,"to let loose, release; to slip away, escape, flee",etymological notes,(s)mewk-
*sme-,"to laugh, to be glad",Reconstruction:Proto-Indo-European/(s)mey-,(s)mey-
smet-,to throw,,smeyt-
sneg-,"to crawl, creeping thing",,(s)neg-
sne‚ÇÅ-,"to spin (thread), to sew",,(s)neh‚ÇÅ-
*sne‚ÇÇ-,"to swim, to float",,(s)neh‚ÇÇ-
snerk-,"to loop, wind; to contract, shorten",,(s)nerk-
snewb ∞-,to marry (of a woman),"Possibly related to *snus√≥s 'daughter-in-law', suggesting an underlying *snew- root.",snewb ∞-
sneg ∑ ∞-,to snow,"Karl Hoffman proposed in 1965 that the original meaning of the root was ""to stick, remain"", with semantic shift to ""snow"" (i.e. snow is that which sticks). That sense is still being assigned in LIV. However, that interpretation is highly unlikely, given that all the other daughters except Sanskrit (and also within Indo-Iranian and even Indo-Aryan family itself; cf. Prakrit reflex si·πáƒìha ""snow, hoarfrost"") point to ""to snow"" as the original meaning of the root. According to Cheung (2007), Hoffman's explanation that this meaning could have coexisted with the meaning ""to snow"" is untenable. Cheung (2007) argues that the Sanskrit meaning ""to stick, remain; sticky fluid"" is secondary (possibly of slang origin) ""perhaps from whitish bodily fluids which are compared to snow, notably snot and spit"".",sneyg ∑ ∞-
sol‚ÇÇ-,whole,,solh‚ÇÇ-
spe‚ÇÅ-,"to succeed, to prosper",,speh‚ÇÅ-
spe·∏±-,"to see, to look, to observe",The Greek roots show a metathesized *s·∏±ep-,spe·∏±-
spel-,"to say aloud, recite; to publicly speak; to tell","Possibly from *b ∞el-, with an s-mobile prefix.",(s)pel-
spend-,to stretch,Possibly reanalyzed root of *(s)penh‚ÇÅ- 'to spin (thread); to stretch' + *-d ∞h‚ÇÅeti.,(s)pend-
spend-,to libate,,spend-
spen‚ÇÅ-,"to twist, to weave",etymological notes,(s)penh‚ÇÅ-
sperd ∞-,"to compete, contest, struggle",Reconstruction:Proto-Indo-European/sperd ∞-,sperd ∞-
sperH-,to kick,with *h‚ÇÅ,sperH-
spewd-,"to press, to push",etymological notes,spewd-
spe-,"long, thin, sharp",,spey-
spek-,name of a bird,Reconstruction:Proto-Indo-European/(s)peyk-,(s)peyk-
spoH-,foam,De Vaan and Lubotsky suggest that this may be derived from a y-extension of *speh‚ÇÅ- 'to be filled to the brim'.,(s)poH(y)-
*spreng ∞-,to spring,etymological notes,(s)preng ∞-
sreb ∞-,"to sip, gulp, suck (in)",,sreb ∞-
*sreu-,"to flow, stream","Derived from Proto-Indo-European *ser-, whence also Latin serum.",srew-
steb ∞-,"to stand still, to harden",,steb ∞-
sÃ•teg-,to cover,,(s)teg-
steg ∑ ∞-,to enlace,,steg ∑ ∞-
ste‚ÇÇ-,to stand (up),,steh‚ÇÇ-
ste‚ÇÇ-,to steal,,(s)teh‚ÇÇy-
stel-,"to put, to place; to be stiff (< to be set/firm)",,stel-
stelH-,"to be silent, be still",,(s)telH-
steng ∑-,to push,"Reconstruction of a Proto-Indo-European root meaning ""to push"".",steng ∑-
*sten‚ÇÇ-,to thunder,Idg. *(s)tenh‚ÇÇ,(s)tenh‚ÇÇ-
*ster-,"barren, infertile",etymological notes,ster-
sterb ∞-,"to exert (force, work, treatment); to become stiff","According to LIV, the root is an example of Siebs's law, probably from *d ∞er- ""to hold, to support"" enlarged by *-b ∞; or it could be just an enlargement of *sterh‚ÇÉ- ""to stretch"" or of *ster-/*sterh‚ÇÅ- ""to be stiff"".",sterb ∞-
ster‚ÇÉ-,"to spread, extend, stretch out",Extension of *ster- 'to spread',sterh‚ÇÉ-
sttew-,"to push, to hit",etymological notes,(s)tew-
*steu-,"to praise, laud",etymological notes,stew-
stewd-,"to push, to hit","Extended from *(s)tew-, to push, hit",(s)tewd-
stewg-,"to push, to hit","Extended from *(s)tew- to push, hit",(s)tewg-
stewk-,"to push, press; to strike, beat; to stick into, pierce, perforate","Extended from *(s)tew- 'to push, hit'",(s)tewk-
*stewp-,"to push, to stick","Extended from *stew- 'to push, hit'",(s)tewp-
*steg-,"to be sharp, to sting",etymological notes,(s)teyg-
steg ∞-,"to go, to climb",Reconstruction:Proto-Indo-European/steyg ∞-,steyg ∞-
ste‚ÇÇ-,to stiffen,"Apparently derived from an i-present to *steh‚ÇÇ-, to stand",steyh‚ÇÇ-
streng ∞-,"to twist, rope, cord","Possibly related to *sterh‚ÇÉ- to spread, to extend.",streng ∞-
*streu-,"to spread, to strew","Extended form of *sterh‚ÇÉ- 'to spread, stretch out'.",strew-
streg-,"to stroke, rub, strike; to shear",,streyg-
stru-,"gray-haired, old",,stru-
stwerH-,"to stir up, agitate; to urge on, propel",,(s)twerH-
swe‚ÇÇd-,"sweet, tasty","Reconstruction of a Proto-Indo-European root meaning ""sweet, tasty""",sweh‚ÇÇd-
swe‚ÇÇg ∞-,to sound,,(s)weh‚ÇÇg ∞-
swen‚ÇÇ-,to sound,etymological notes,swenh‚ÇÇ-
swep-,to sleep,"Proto-Indo-European root meaning ""to sleep""",swep-
swer-,"to ache, to fester, wound; injury",etymological notes,swer-
swerd-,"dirty, dark, black","Reconstruction of a Proto-Indo-European root meaning ""dirty, dark, black""",swerd-
swerg ∞-,"to be ill, to take care of",,swerg ∞-
swed-,"sweat, to sweat",Proto-Indo-European root meaning 'sweat',sweyd-
sew‚ÇÅ-,to sew,,syewh‚ÇÅ-
su‚ÇÅ-,to swell,,syuh‚ÇÅ-
te‚ÇÇ-,"to melt, to flow, stream",,teh‚ÇÇ-
te‚ÇÇg-,"to touch; to grasp, take","Attempts have been made to connect this set with *tƒìkanƒÖ, *takanƒÖ||to touch; to grasp, take and t√§k-||to touch, feel (with the hand); to fetch, ce≈õ√§·πÉ|pos=3sg.pres.}, which eo ipso point to *deh‚ÇÅg- (or *deg-/*dƒìg-, which would appear to violate the constraint that prohibits PIE roots of the shape *DeD-); the initial stop in Germanic and the vowel in Tocharian preclude any regular derivation from *teh‚ÇÇg- or *tag-. Hamp has suggested a root *teg- as the source of all of these terms, with zero-grade *t‚Çîg-, which he assumes in pre-Germanic assimilated to *dg-, as the source of forms with /a/ (< *[…ô]). However, this leaves Greek /a/ (zero vowel expected) and the long vowel in êçÑêå¥êå∫êå∞êåΩ unexplained. Mottausch's solution is to assume the reduplicated form *te-th‚ÇÇg- gave rise to pre-Germanic *te-dg-, with regular deletion of an interconsonantal laryngeal in an unstressed syllable plus voicing assimilation, which was back-formed to *de-dg- to restore normal reduplication; the Tocharian may tentatively be grouped under the same formation. Per Kortlandt, the Germanic long *ƒì may thus have developed from dissimilation of this *dedg- to glottalic *deh‚ÇÅg-.",teh‚ÇÇg-
tek-,"to produce, beget, sire","This root is similar to *te·∏±-, and their descendants have partial semantic overlap. Only ’©’•÷Ñ’•’¥ conclusively points to the plain-velar *k, so it is often assumed that the other (Centum) descendants are from *te·∏±-. Though it can be neither confirmed nor disproven, it is also possible that the two are different but related forms of one original root.",tek-
te·∏±-,"to sire, beget",Reconstruction:Proto-Indo-European/te·∏±-,te·∏±-
tek ∑-,"to run, to flow","The reconstruction of the root-final stop faces some contention with most older sources preferring the labiovelar *k ∑, while other sources question or outright reject the labiovelar in favor of the plain velar *k. The evidence in favor of the labiovelar consists primarily of the Hittite form, while the evidence in favor of the plain velar includes the Tocharian form and the general absence of *-b- in the descendants of *tek( ∑)eti in Celtic languages.",tek ∑-
tel‚ÇÇ-,"to bear, to undergo, to endure",etymological notes,telh‚ÇÇ-
*telk-,"to thrust, strike",etymological notes,telk-
telk ∑-,to talk,Reconstruction:Proto-Indo-European/telk ∑-,telk ∑-
temH-,dark,Etymological notes not provided,temH-
tem‚ÇÅ-,to cut,,temh‚ÇÅ-
*ten-,"to stretch, to extend",,ten-
tend-,"to stretch, to extend",etymological notes,tend-
teng-,"to think, to perceive",etymological notes,teng-
teng ∞-,"to pull (back), to be heavy, difficult",Extension of *ten- 'to stretch; to extend',teng ∞-
ten‚ÇÇ-,"to stretch, to extend","Possibly an extended form of *ten-, to stretch, extend.",tenh‚ÇÇ-
*tens-,to stretch,"Extended form of *ten- 'to stretch, extend'.",tens-
tep-,"to be warm, be hot",,tep-
ter-,"tender, weak; young creature",,ter-
terg ∑-,"to scare, fear, be fierce",,terg ∑-
ter‚ÇÅ-,"to rub, turn; to drill, pierce",,terh‚ÇÅ-
ter‚ÇÇ-,"to cross over, pass through, overcome",etymological notes,terh‚ÇÇ-
terk ∑-,"to turn, spin",Reconstruction:Proto-Indo-European/terk ∑-,terk ∑-
terp-,to satisfy,,terp-
ters-,dry,"Proto-Indo-European root meaning ""dry""",ters-
tet·∏±-,"to create, produce; to cut, hew","Reanalyzed reduplication from *te·∏±- ""to sire, beget"". Formerly represented as *tek√æ-, *te·∏±√æ- before the modern deciphering of thorn clusters.",tet·∏±-
tewH-,"to look on [favorably], to protect, to observe",etymological notes,tewH-
tew‚ÇÇ-,"to swell; to become big or fat, to be numerous, crowd, to be strong",,tewh‚ÇÇ-
tewk-,"germ, seed, sprout, offspring","Compare *tewh‚ÇÇ-, to swell, crowd, be strong. Possibly analyzed as *tewh‚ÇÇ-k- or *tewH-k-, though the evidence is unclear.",tewk-
tews-,to be empty; to drain,Reconstruction:Proto-Indo-European/tews-,tews-
te‚ÇÅ-,"to get hot; to end, finish",etymological notes,teyh‚ÇÅ-
t·∏±e-,"to cultivate, to settle, to live","Reanalysed root of *t·∏±√©yti, from *te·∏±- 'to sire, beget' + *-√©yti 'present suffix'.",t·∏±ey-
tpelH-,"fortification, city",,tpelH-
treb-,"settlement, dwelling; to build, dwell",Reconstruction:Proto-Indo-European/treb-,treb-
*trem-,to tremble (in fear),Reconstruction:Proto-Indo-European/trem-,trem-
trenk ∑-,"to push, to press",no etymological notes provided,trenk ∑-
trep-,to turn,Reconstruction:Proto-Indo-European/trep-,trep-
*tres-,to tremble (with fear),Reconstruction:Proto-Indo-European/tres-,tres-
*treud-,"to push, to thrust",Reconstruction:Proto-Indo-European/treud-,trewd-
tum-,"to swell, to become big or strong, mound","Thought to be related to *tewh‚ÇÇ- 'to swell', but the laryngeal is problematic. A hypothetical **tu- is suggested as the underlying form.",tum-
twerH-,"to enclose, fence in; to grab, seize",,twerH-
twer·∏±-,"to carve, cut off, trim",*twer·∏±- 'to cut out',twer·∏±-
teg ∑-,"to leave alone, give up; to retreat",,tyeg ∑-
web ∞-,"to weave, braid",Beekes reconstructs *h‚ÇÅweb ∞- with the laryngeal on the basis of the initial vowel in Gothic ewepsƒìsomena 'which are to be woven'.,web ∞-
wed-,"to well, water","Possibly related to Proto-Uralic *wete, the source of Finnish vesi and Hungarian v√≠z. The nature of the relationship is unclear and controversial; the word may have been borrowed from Proto-Indo-European into Proto-Uralic, or the reverse. A minority of linguists suggests a common origin from an even earlier proto-language, Indo-Uralic, but this is not generally accepted.",wed-
wed ∞-,"to bind, to secure; to pledge, to guarantee; to lead",,wed ∞-
we«µ-,"to be lively, awake; to be strong",,we«µ-
we«µ ∞-,"to bring, to transport",,we«µ ∞-
weg ∑-,"wet, moist",etymological notes,weg ∑-
we‚ÇÅ-,true,,weh‚ÇÅ-
we‚ÇÅ-,"to twist, wind, weave, plait; to wrap, enclose, cover",etymological notes,weh‚ÇÅy-
we‚ÇÇd ∞-,"to go, to proceed; to pass, to traverse",,weh‚ÇÇd ∞-
we‚ÇÇt-,"excited], [inspired], [possessed], [raging",,weh‚ÇÇt-
we·∏±-,"to wish, to want",,we·∏±-
wek ∑-,"to speak, to sound out",imperfective root,wek ∑-
wel-,"to see, perceive",etymological notes,wel-
welg-,"wet, damp","A synonym *welk- with a different coda velar appears to exist, whence *wolkos 'rain, wet weather', valks 'wet; creek', Old valgr 'wet, moist' and welh 'wet; mild'.",welg-
welH-,"to roll, to undulate",etymological notes,welH-
wel‚ÇÅ-,"to choose, to want",,welh‚ÇÅ-
wel‚ÇÉ-,"to hit, to strike",,welh‚ÇÉ-
wem‚ÇÅ-,"to spew, to vomit",etymological notes,wemh‚ÇÅ-
wend ∞-,"to wind, to turn",,wend ∞-
wen‚ÇÅ-,to love,,wenh‚ÇÅ-
wer-,to burn,,wer-
wer«µ-,to make,,wer«µ-
wer‚ÇÅ-,"to speak, say",,werh‚ÇÅ-
werm-,"insect, larva, worm, ant or other small insect","Possibly from *wer- 'to turn' in the sense of either curled shape or writhing/wiggling behavior, plus *-m√≥s; or a metathetic variant of *morwi-, *mer-w- 'ant'.",werm-
wers-,"to wipe, to drag (on the ground), sweep, thresh",etymological notes,wers-
wert-,"to turn, to rotate",etymological notes,wert-
wes-,"to dress, clothe",etymological notes,wes-
wet-,"year, old",,wet-
wet‚ÇÇ-,to say,Reconstruction:Proto-Indo-European/weth‚ÇÇ-,weth‚ÇÇ-
wed-,to see,"Proto-Indo-European root meaning ""to see""",weyd-
weg-,"to bend, wind, turn","Pokorny suggests an extension of *weh‚ÇÅy-to twist, weave",weyg-
we‚ÇÅ-,"to chase, pursue; to suppress, persecute",etymological notes,weyh‚ÇÅ-
wek-,"to sift, separate",Extension of *wey- 'to separate',weyk-
we·∏±-,"to enter in, to settle, settlement",,wey·∏±-
*wep-,"to shake, tremble, agitate; to swing, sway; to turn, wind, rotate, wrap (around)",etymological notes,weyp-
wes-,"to raise, increase; to produce, procreate",etymological notes,weys-
wlek ∑-,"moist, to wet",etymological notes,wleyk ∑-
wre‚ÇÅ-,"to find, encounter","A root *reh‚ÇÅt- (yielding *obrƒõsti) might tentatively be a t-extension *(w)reh‚ÇÅ-t- of this root, according to Pokorny (and, following him, the LIV).",wreh‚ÇÅ-
wred-,"to scratch, carve",,wreyd-
wre·∏±-,"to twist, to bend","Has been implicitly suggested to be related to *wreyt-, perhaps continuing an earlier root *wrey-.",wrey·∏±-
wret-,to twist,"Has been implicitly suggested to be related to *wrey·∏±-, perhaps continuing an earlier root *wrey-.",wreyt-
e‚ÇÇ-,"to go, to go in, to enter, to ride, to travel",,yeh‚ÇÇ-
ek-,to utter,,yek-
*iem-,"to hold, restrain; to take, seize",etymological notes,yem-
emH-,twin,Reconstruction:Proto-Indo-European/yemH-,yemH-
es-,"to foam, to boil",etymological notes,yes-
ewg-,"to join, to yoke, to tie together","Possibly an extension of *yew- (as in Sanskrit ‡§Ø‡•Å (yu, ""to unite""))",yewg-
